id;employee_id;unit_id;first_name;last_name;email_address;login
1;calculate Investment Account;Soft Investment Account port;Lora;Hessel;Realigned;Tuna Granite
2;leading-edge;withdrawal;Kevon;Botsford;silver bypassing Home;bandwidth-monitored Sleek
3;monitor payment Switchable;dot-com;Jenifer;Krajcik;indigo orchestrate;Global
4;Germany National Albania;Singapore;Unique;MacGyver;Berkshire;Plastic
5;Concrete;Codes specifically reserved for testing purposes lime;Madaline;Lesch;frictionless Factors;deposit Decentralized Home Loan Account
6;Fish ROI Sausages;Designer payment;Jadyn;Dicki;infrastructures 24 hour Sleek;Cambridgeshire Illinois
7;Small Concrete Chicken;Won Bacon invoice;Cedrick;Erdman;Table;auxiliary microchip Concrete
8;1080p;Bedfordshire;Hipolito;Russel;Kids Checking Account;National
9;Pants;withdrawal;Christop;Abernathy;Rustic Personal Loan Account;Ball Investor
10;Soft Crest Practical Wooden Towels;monetize Pataca;Kadin;Fadel;Group De-engineered;communities incentivize payment
